AS,AU,Western Australia
AS,AU,Northern Territory
AS,AU,South Australia
AS,AU,Queensland
AS,AU,New South Wales
AS,AU,Victoria
AS,AU,Tasmania
AS,AU,Australian Capital Territory
JA,JP,Hokkaidō
JA,JP,Aomori
JA,JP,Iwate
JA,JP,Miyagi
JA,JP,Akita
JA,JP,Yamagata
JA,JP,Fukushima
JA,JP,Ibaraki
JA,JP,Tochigi
JA,JP,Gunma
JA,JP,Saitama
JA,JP,Chiba
JA,JP,Tokyo
JA,JP,Kanagawa
JA,JP,Niigata
JA,JP,Toyama
JA,JP,Ishikawa
JA,JP,Fukui
JA,JP,Yamanashi
JA,JP,Nagano
JA,JP,Gifu
JA,JP,Shizuoka
JA,JP,Aichi
JA,JP,Mie
JA,JP,Shiga
JA,JP,Kyoto
JA,JP,Osaka
JA,JP,Hyōgo
JA,JP,Nara
JA,JP,Wakayama
JA,JP,Tottori
JA,JP,Shimane
JA,JP,Okayama
JA,JP,Hiroshima
JA,JP,Yamaguchi
JA,JP,Tokushima
JA,JP,Kagawa
JA,JP,Ehime
JA,JP,Kōchi
JA,JP,Fukuoka
JA,JP,Saga
JA,JP,Nagasaki
JA,JP,Kumamoto
JA,JP,Ōita
JA,JP,Miyazaki
JA,JP,Kagoshima
JA,JP,Okinawa